File Name,Category
pictet - .007 0all_holdings_by_asset_class as of 4.27.20_20200429170653.xls,
qab_leverage_39.pre,
am global core fund k-1 estimate - westview family partners llc.pdf,
lgl - hsl - federation loa.pdf,
non disc ima comments_june 10 2019.pdf,
todd bernstein dynasty trust.pdf,
w-e philadelphia fund ii exemplar approval.pdf,
._2016 wcp draft k1 richard sager1.pdf,
advancedposition_lg7_group of groups_lgl statement 3.6.2017.pdf,
assemblyinfo.cs,
dfts - 5.16.13-5.16.19 pelham transactions  - 2019-05-17t131920.202.xlsx,
mariner first trust jan 2013 state.pdf,
quovo accounts snapshot as of prior day - 2020-08-11.xlsx,
oppco.2012 outlook.pdf,
bdr data 20200106 090008.xml,
klein family.pdf,
mdr road map- 12.11.2017.xlsx,
spalphabeta_deletetemp_25.pre,
intern schedule 2015 spring.xlsx,
lgl - ab - radcliffe usd - presentation.pdf,
rwv_master_20130115_year-endstatement_20130115153106[1].pdf,
control_searchbox_compact.js,
sector exposures - emerging markets non-us dividend value equity.xlsx,
invoice.xlsx,
printinf64.exe,
hsl - psp israel bond statements.pdf,
lgl_coffeeserv_12172017_$889.00.pdf,
snemx - bernstein emerging markets portfolio.pdf,
alicia ira app doc receipt.pdf,
pershing adv part 2 dtd march 2014.pdf,
pageimagecontroller.cs,
box_bot.gif,
lgl - ab - shinnecock income fund l.p..pdf,
barry blumberg_dl_exp 6_2024_4e57821c-25c3-5d04-9bbf-4f259186a8362022-01-25t13-51-05.pdf,
parallax.cco notes.9.14.12.pdf,
fft amex detail 3-12-19 to 3-31-19_rejected negatives.xls,
volantis qe updates_398a28b2-a846-494e-8d31-a756021bd7102021-06-09t11-27-17.pdf,
20161220102507490.pdf,
bdr data 20181120 102341.bak,
lerner richard (ex. ira)_1. internal appraisal - pb_20200327.pdf,
mutual funds not on bloomberg.msg,
fft - pc - rebalance - sells.xlsm,
bala assets.xlsx,
._amgcf,
officer consents jcm_wdl 4.21.2017.pdf,
fft - ab - gridiron tactical fixed income.pdf,
annots.api,
10.31.19 - marathon global em - kk - statement.pdf,
7.1.1.docx,
._optionsacctreq_alex dann ii.pdf,
4.1.4.pdf,
lgl - ab - harvest mlp income fund i.pdf,
45_slush_2017_-_re-inventing_societal_infrastructure_with_technology.pdf,
layout.bin,
beetle 5855 & 5850.pdf,
"bce multifamily opportunity fund v, llc - executive summary (spread).pdf",
20181212101115340.pdf,
this year's model the deal.pdf,
lgl - ph - liberty bell 12.8.14_executed.pdf,
lgl xxx-136592 10.13.2015 10.33.34 am.csv,
._fft - ab - soma equity partners series a.pdf,
bjl personal & foundation - ai holdings (all) for 11.30.17 ao 12.21.17.xlsx,
._elaine e  marieb 85 rev tr_c43dbdf6-8766-5fae-acc2-8ed9cab7dd8c2019-10-01t15-54-38.pdf,
funds_info_10.pre,
._comp model lyrical_f7ba49af-6184-53bc-985f-3babb1909d682019-10-01t15-28-40.xlsx,
amex reconciliaton - feb through may statements.xlsx,
resolution 1 jwc spb signatures.pdf,
20130715135335322.pdf,
ab_output_3.sch,
investment_list illiquid private vk 42116.xlsb,
2013.04.30,
interop.statconnectorcommonlib.dll,
final 2020 afs medalist partners harvest fund lp.pdf,
"haron, eric & hope- children (g_l report).xlsx",
11.2015.pdf,
20191028105834421.pdf,
scan0202.pdf,
names.xlsx,
vantage aggregate position summary - 2013_12_31.xls,
documents - 1.15.2020,
20160129090511634.pdf,
lgl - tsf.docx,
20140502153743373.pdf,
toa cap grp american fds_haupt jason.pdf,
12 31 23 afs review of ah fund iv-q lp.docx,
9.30.21 - kared - statement - nfs-fmtc fbo jon e. cabot ira.pdf,
663007004 ira application and toa.pdf,
desco_composite_mu april 2014.pdf,
bdr data 20181011 100010.xml,
armadillo fund update.docx,
item35d_sackler_hildene leveraged credit fund ltd_2015 nov.pdf,
2016.02.29 rita adler rev tr fixed income stmt.pdf,
penn installment agreement 2019 - 5 year.pdf,
fft - fidelity - 11.30.2022_d8838032-a1f5-4e66-baac-30a5c09886812023-01-03t11-51-50.pdf,
"[evidence] fwm holdings, inc. - de certificate of incorporation.pdf",
9966 v travagliato sep ira - lgl - 2017517 100000.xlsx,
52_kv_gdpr_privacy_notice.pdf,
20150212170753189.pdf,
blue mountain credit alternatives fund ltd march 2010.pdf,
